{
  "$schema": "https://developer.microsoft.com/json-schemas/fabric/item/report/definition/visualContainer/2.0.0/schema.json",
  "name": "0c091b111d56a50d587d",
  "position": {
    "x": 687.91794871794866,
    "y": 168.04102564102564,
    "z": 2000,
    "height": 261.25128205128203,
    "width": 592.08205128205134,
    "tabOrder": 2000
  },
  "visual": {
    "visualType": "scatterChart",
    "query": {
      "queryState": {
        "Series": {
          "projections": [
            {
              "field": {
                "Column": {
                  "Expression": {
                    "SourceRef": {
                      "Entity": "Delivery_person_details"
                    }
                  },
                  "Property": "Type_of_vehicle"
                }
              },
              "queryRef": "Delivery_person_details.Type_of_vehicle",
              "nativeQueryRef": "Type_of_vehicle"
            }
          ]
        },
        "Size": {
          "projections": [
            {
              "field": {
                "Aggregation": {
                  "Expression": {
                    "Column": {
                      "Expression": {
                        "SourceRef": {
                          "Entity": "Delivery_person_details"
                        }
                      },
                      "Property": "Vehicle_condition"
                    }
                  },
                  "Function": 5
                }
              },
              "queryRef": "CountNonNull(Delivery_person_details.Vehicle_condition)",
              "nativeQueryRef": "Count of Vehicle_condition"
            }
          ]
        },
        "X": {
          "projections": [
            {
              "field": {
                "Column": {
                  "Expression": {
                    "SourceRef": {
                      "Entity": "Delivery_person_details"
                    }
                  },
                  "Property": "Delivery_person_Age"
                }
              },
              "queryRef": "Delivery_person_details.Delivery_person_Age",
              "nativeQueryRef": "Delivery_person_Age",
              "active": true
            }
          ]
        },
        "Y": {
          "projections": [
            {
              "field": {
                "Aggregation": {
                  "Expression": {
                    "Column": {
                      "Expression": {
                        "SourceRef": {
                          "Entity": "Delivery_details"
                        }
                      },
                      "Property": "Time Taken (Min)"
                    }
                  },
                  "Function": 1
                }
              },
              "queryRef": "Sum(Delivery_details.Time Taken (Min))",
              "nativeQueryRef": "Average of Time Taken (Min)"
            }
          ]
        }
      }
    },
    "visualContainerObjects": {
      "title": [
        {
          "properties": {
            "text": {
              "expr": {
                "Literal": {
                  "Value": "'Delivery Person Efficiency'"
                }
              }
            }
          }
        }
      ]
    },
    "drillFilterOtherVisuals": true
  }
}