{
  "$schema": "https://developer.microsoft.com/json-schemas/fabric/item/report/definition/visualContainer/2.0.0/schema.json",
  "name": "704e14f507a1aa5600d8",
  "position": {
    "x": 1044.6835443037976,
    "y": 306.45569620253167,
    "z": 4000,
    "height": 109.36708860759494,
    "width": 154.9367088607595,
    "tabOrder": 4000
  },
  "visual": {
    "visualType": "card",
    "query": {
      "queryState": {
        "Values": {
          "projections": [
            {
              "field": {
                "Measure": {
                  "Expression": {
                    "SourceRef": {
                      "Entity": "Order_details"
                    }
                  },
                  "Property": "Total Sales for Snacks"
                }
              },
              "queryRef": "Order_details.Total Sales for Snacks",
              "nativeQueryRef": "Total Sales for Snacks"
            }
          ]
        }
      },
      "sortDefinition": {
        "sort": [
          {
            "field": {
              "Measure": {
                "Expression": {
                  "SourceRef": {
                    "Entity": "Order_details"
                  }
                },
                "Property": "Total Sales for Snacks"
              }
            },
            "direction": "Descending"
          }
        ],
        "isDefaultSort": true
      }
    },
    "drillFilterOtherVisuals": true
  }
}