{
  "$schema": "https://developer.microsoft.com/json-schemas/fabric/item/report/definition/visualContainer/2.0.0/schema.json",
  "name": "a4525438ee90f55ecc49",
  "position": {
    "x": 253.37435897435898,
    "y": 468.67692307692306,
    "z": 3000,
    "height": 250.74871794871794,
    "width": 697.10769230769233,
    "tabOrder": 3000
  },
  "visual": {
    "visualType": "treemap",
    "query": {
      "queryState": {
        "Details": {
          "projections": [
            {
              "field": {
                "Column": {
                  "Expression": {
                    "SourceRef": {
                      "Entity": "Restaurant_details"
                    }
                  },
                  "Property": "Food Category"
                }
              },
              "queryRef": "Restaurant_details.Food Category",
              "nativeQueryRef": "Food Category"
            }
          ]
        },
        "Group": {
          "projections": [
            {
              "field": {
                "Column": {
                  "Expression": {
                    "SourceRef": {
                      "Entity": "Order_details"
                    }
                  },
                  "Property": "Type Of Order"
                }
              },
              "queryRef": "Order_details.Type Of Order",
              "nativeQueryRef": "Type Of Order",
              "active": true
            }
          ]
        },
        "Tooltips": {
          "projections": [
            {
              "field": {
                "Aggregation": {
                  "Expression": {
                    "Column": {
                      "Expression": {
                        "SourceRef": {
                          "Entity": "Restaurant_details"
                        }
                      },
                      "Property": "Dine-in Available"
                    }
                  },
                  "Function": 3
                }
              },
              "queryRef": "Min(Restaurant_details.Dine-in Available)",
              "nativeQueryRef": "First Dine-in Available"
            },
            {
              "field": {
                "Aggregation": {
                  "Expression": {
                    "Column": {
                      "Expression": {
                        "SourceRef": {
                          "Entity": "Restaurant_details"
                        }
                      },
                      "Property": "Cuisine Type"
                    }
                  },
                  "Function": 3
                }
              },
              "queryRef": "Min(Restaurant_details.Cuisine Type)",
              "nativeQueryRef": "First Cuisine Type"
            }
          ]
        },
        "Values": {
          "projections": [
            {
              "field": {
                "Measure": {
                  "Expression": {
                    "SourceRef": {
                      "Entity": "Order_details"
                    }
                  },
                  "Property": "Total Sales"
                }
              },
              "queryRef": "Order_details.Total Sales",
              "nativeQueryRef": "Total Sales"
            }
          ]
        }
      }
    },
    "visualContainerObjects": {
      "title": [
        {
          "properties": {
            "text": {
              "expr": {
                "Literal": {
                  "Value": "'Restaurant Performance'"
                }
              }
            }
          }
        }
      ]
    },
    "drillFilterOtherVisuals": true
  }
}