{
  "$schema": "https://developer.microsoft.com/json-schemas/fabric/item/report/definition/visualContainer/2.0.0/schema.json",
  "name": "264b1bc67c26c318aa45",
  "position": {
    "x": 10.502564102564103,
    "y": 0,
    "z": 0,
    "height": 132.59487179487181,
    "width": 695.79487179487182,
    "tabOrder": 0
  },
  "visual": {
    "visualType": "textbox",
    "objects": {
      "general": [
        {
          "properties": {
            "paragraphs": [
              {
                "textRuns": [
                  {
                    "value": ""
                  }
                ]
              },
              {
                "textRuns": [
                  {
                    "value": ""
                  }
                ]
              },
              {
                "textRuns": [
                  {
                    "value": ""
                  }
                ]
              },
              {
                "textRuns": [
                  {
                    "value": "Zesty",
                    "textStyle": {
                      "fontSize": "28pt",
                      "color": "#118dff"
                    }
                  },
                  {
                    "value": "Eats",
                    "textStyle": {
                      "fontSize": "28pt",
                      "color": "#12239e"
                    }
                  },
                  {
                    "value": " Performance View",
                    "textStyle": {
                      "fontSize": "28pt",
                      "color": "#3c3c3c"
                    }
                  }
                ]
              },
              {
                "textRuns": [
                  {
                    "value": ""
                  }
                ]
              }
            ]
          }
        }
      ]
    },
    "drillFilterOtherVisuals": true
  }
}