{
  "$schema": "https://developer.microsoft.com/json-schemas/fabric/item/report/definition/visualContainer/2.0.0/schema.json",
  "name": "0654699cb0604ae51fb5",
  "position": {
    "x": 49.887179487179488,
    "y": 359.71282051282049,
    "z": 11000,
    "height": 82.707692307692312,
    "width": 174.60512820512821,
    "tabOrder": 11000
  },
  "visual": {
    "visualType": "slicer",
    "query": {
      "queryState": {
        "Values": {
          "projections": [
            {
              "field": {
                "Column": {
                  "Expression": {
                    "SourceRef": {
                      "Entity": "Order_details"
                    }
                  },
                  "Property": "Type Of Order"
                }
              },
              "queryRef": "Order_details.Type Of Order",
              "nativeQueryRef": "Type Of Order",
              "active": true
            }
          ]
        }
      }
    },
    "objects": {
      "data": [
        {
          "properties": {
            "mode": {
              "expr": {
                "Literal": {
                  "Value": "'Dropdown'"
                }
              }
            }
          }
        }
      ]
    },
    "drillFilterOtherVisuals": true
  }
}