{
  "$schema": "https://developer.microsoft.com/json-schemas/fabric/item/report/definition/visualContainer/2.0.0/schema.json",
  "name": "75257329eddf2b4c4a03",
  "position": {
    "x": 430.60512820512821,
    "y": 548.75897435897434,
    "z": 12000,
    "height": 170.66666666666666,
    "width": 758.81025641025644,
    "tabOrder": 12000
  },
  "visual": {
    "visualType": "donutChart",
    "query": {
      "queryState": {
        "Category": {
          "projections": [
            {
              "field": {
                "Column": {
                  "Expression": {
                    "SourceRef": {
                      "Entity": "Order_details"
                    }
                  },
                  "Property": "Order Value Category"
                }
              },
              "queryRef": "Order_details.Order Value Category",
              "nativeQueryRef": "Order Value Category",
              "active": true
            }
          ]
        },
        "Y": {
          "projections": [
            {
              "field": {
                "Measure": {
                  "Expression": {
                    "SourceRef": {
                      "Entity": "Order_details"
                    }
                  },
                  "Property": "Sales Percentage"
                }
              },
              "queryRef": "Order_details.Sales Percentage",
              "nativeQueryRef": "Sales Percentage"
            }
          ]
        }
      },
      "sortDefinition": {
        "sort": [
          {
            "field": {
              "Measure": {
                "Expression": {
                  "SourceRef": {
                    "Entity": "Order_details"
                  }
                },
                "Property": "Sales Percentage"
              }
            },
            "direction": "Descending"
          }
        ],
        "isDefaultSort": true
      }
    },
    "drillFilterOtherVisuals": true
  }
}