{
  "$schema": "https://developer.microsoft.com/json-schemas/fabric/item/report/definition/visualContainer/2.0.0/schema.json",
  "name": "a5b6500969fff9055bc3",
  "position": {
    "x": 806.07179487179485,
    "y": 190.35897435897436,
    "z": 2000,
    "height": 115.52820512820513,
    "width": 175.91794871794872,
    "tabOrder": 2000
  },
  "visual": {
    "visualType": "card",
    "query": {
      "queryState": {
        "Values": {
          "projections": [
            {
              "field": {
                "Measure": {
                  "Expression": {
                    "SourceRef": {
                      "Entity": "Order_details"
                    }
                  },
                  "Property": "On-time Delivery % All"
                }
              },
              "queryRef": "Order_details.On-time Delivery % All",
              "nativeQueryRef": "On-time Delivery % All"
            }
          ]
        }
      },
      "sortDefinition": {
        "sort": [
          {
            "field": {
              "Measure": {
                "Expression": {
                  "SourceRef": {
                    "Entity": "Order_details"
                  }
                },
                "Property": "On-time Delivery % All"
              }
            },
            "direction": "Descending"
          }
        ],
        "isDefaultSort": true
      }
    },
    "drillFilterOtherVisuals": true
  }
}