{
  "version": "1.1.0",
  "diagrams": [
    {
      "ordinal": 0,
      "scrollPosition": {
        "x": 0,
        "y": 22
      },
      "nodes": [
        {
          "location": {
            "x": 26.184751180629803,
            "y": 286
          },
          "nodeIndex": "Delivery_details",
          "nodeLineageTag": "c71acf45-4ca6-4da9-8ba5-b6190bd2393a",
          "size": {
            "height": 300,
            "width": 234
          },
          "zIndex": 1
        },
        {
          "location": {
            "x": 50,
            "y": -6.9348908226582466
          },
          "nodeIndex": "Delivery_person_details",
          "nodeLineageTag": "690af424-463a-4c02-8005-e28c61d55971",
          "size": {
            "height": 176,
            "width": 234
          },
          "zIndex": 2
        },
        {
          "location": {
            "x": 379.36163941535983,
            "y": 65
          },
          "nodeIndex": "Order_details",
          "nodeLineageTag": "98cfcdb8-97a2-492d-94ef-479158b32409",
          "size": {
            "height": 300,
            "width": 234
          },
          "zIndex": 3
        },
        {
          "location": {
            "x": 673.36163941535983,
            "y": 40
          },
          "nodeIndex": "Restaurant_details",
          "nodeLineageTag": "2e3e618f-36a5-4bc1-b2db-41008ac051dc",
          "size": {
            "height": 200,
            "width": 234
          },
          "zIndex": 5
        },
        {
          "location": {
            "x": 654.36163941535983,
            "y": 315.66249631621747
          },
          "nodeIndex": "User_details",
          "nodeLineageTag": "d311f594-0822-45d3-b564-442e86928474",
          "size": {
            "height": 224,
            "width": 234
          },
          "zIndex": 4
        }
      ],
      "name": "All tables",
      "zoomValue": 100,
      "pinKeyFieldsToTop": false,
      "showExtraHeaderInfo": false,
      "hideKeyFieldsWhenCollapsed": false,
      "tablesLocked": false
    }
  ],
  "selectedDiagram": "All tables",
  "defaultDiagram": "All tables"
}