{
  "$schema": "https://developer.microsoft.com/json-schemas/fabric/item/report/definition/visualContainer/2.0.0/schema.json",
  "name": "398b93cd0b06c539a625",
  "position": {
    "x": 301.94871794871796,
    "y": 171.97948717948717,
    "z": 3000,
    "height": 270.44102564102565,
    "width": 405.66153846153844,
    "tabOrder": 3000
  },
  "visual": {
    "visualType": "columnChart",
    "query": {
      "queryState": {
        "Category": {
          "projections": [
            {
              "field": {
                "Column": {
                  "Expression": {
                    "SourceRef": {
                      "Entity": "Restaurant_details"
                    }
                  },
                  "Property": "Food Category"
                }
              },
              "queryRef": "Restaurant_details.Food Category",
              "nativeQueryRef": "Food Category",
              "active": true
            }
          ]
        },
        "Series": {
          "projections": [
            {
              "field": {
                "Column": {
                  "Expression": {
                    "SourceRef": {
                      "Entity": "Order_details"
                    }
                  },
                  "Property": "Order Value Category"
                }
              },
              "queryRef": "Order_details.Order Value Category",
              "nativeQueryRef": "Order Value Category"
            }
          ]
        },
        "Tooltips": {
          "projections": [
            {
              "field": {
                "Measure": {
                  "Expression": {
                    "SourceRef": {
                      "Entity": "Order_details"
                    }
                  },
                  "Property": "Total Sales"
                }
              },
              "queryRef": "Order_details.Total Sales",
              "nativeQueryRef": "Total Sales"
            }
          ]
        },
        "Y": {
          "projections": [
            {
              "field": {
                "Aggregation": {
                  "Expression": {
                    "Column": {
                      "Expression": {
                        "SourceRef": {
                          "Entity": "Order_details"
                        }
                      },
                      "Property": "Order Id"
                    }
                  },
                  "Function": 5
                }
              },
              "queryRef": "CountNonNull(Order_details.Order Id)",
              "nativeQueryRef": "Count of Order Id"
            }
          ]
        }
      },
      "sortDefinition": {
        "sort": [
          {
            "field": {
              "Aggregation": {
                "Expression": {
                  "Column": {
                    "Expression": {
                      "SourceRef": {
                        "Entity": "Order_details"
                      }
                    },
                    "Property": "Order Id"
                  }
                },
                "Function": 5
              }
            },
            "direction": "Descending"
          }
        ],
        "isDefaultSort": true
      }
    },
    "visualContainerObjects": {
      "title": [
        {
          "properties": {
            "text": {
              "expr": {
                "Literal": {
                  "Value": "'Order Value Distribution'"
                }
              }
            }
          }
        }
      ]
    },
    "drillFilterOtherVisuals": true
  }
}