{
  "$schema": "https://developer.microsoft.com/json-schemas/fabric/item/report/definition/visualContainer/2.0.0/schema.json",
  "name": "c786d8a963b4406a0bc0",
  "position": {
    "x": 814.55696202531647,
    "y": 316.70886075949369,
    "z": 5000,
    "height": 99.113924050632917,
    "width": 159.49367088607596,
    "tabOrder": 5000
  },
  "visual": {
    "visualType": "card",
    "query": {
      "queryState": {
        "Values": {
          "projections": [
            {
              "field": {
                "Measure": {
                  "Expression": {
                    "SourceRef": {
                      "Entity": "Order_details"
                    }
                  },
                  "Property": "Total Sales for Drinks"
                }
              },
              "queryRef": "Order_details.Total Sales for Drinks",
              "nativeQueryRef": "Total Sales for Drinks"
            }
          ]
        }
      },
      "sortDefinition": {
        "sort": [
          {
            "field": {
              "Measure": {
                "Expression": {
                  "SourceRef": {
                    "Entity": "Order_details"
                  }
                },
                "Property": "Total Sales for Drinks"
              }
            },
            "direction": "Descending"
          }
        ],
        "isDefaultSort": true
      }
    },
    "drillFilterOtherVisuals": true
  }
}