{
  "$schema": "https://developer.microsoft.com/json-schemas/fabric/item/report/definition/visualContainer/2.0.0/schema.json",
  "name": "21dce257cb8eaadef570",
  "position": {
    "x": 44.635897435897434,
    "y": 145.72307692307692,
    "z": 0,
    "height": 332.14358974358976,
    "width": 686.60512820512815,
    "tabOrder": 0
  },
  "visual": {
    "visualType": "pivotTable",
    "query": {
      "queryState": {
        "Rows": {
          "projections": [
            {
              "field": {
                "Column": {
                  "Expression": {
                    "SourceRef": {
                      "Entity": "User_details"
                    }
                  },
                  "Property": "City"
                }
              },
              "queryRef": "User_details.City",
              "nativeQueryRef": "City",
              "active": true
            },
            {
              "field": {
                "Column": {
                  "Expression": {
                    "SourceRef": {
                      "Entity": "User_details"
                    }
                  },
                  "Property": "Age group"
                }
              },
              "queryRef": "User_details.Age group",
              "nativeQueryRef": "Age group",
              "active": false
            },
            {
              "field": {
                "Column": {
                  "Expression": {
                    "SourceRef": {
                      "Entity": "User_details"
                    }
                  },
                  "Property": "Gender"
                }
              },
              "queryRef": "User_details.Gender",
              "nativeQueryRef": "Gender",
              "active": false
            }
          ]
        },
        "Values": {
          "projections": [
            {
              "field": {
                "Aggregation": {
                  "Expression": {
                    "Column": {
                      "Expression": {
                        "SourceRef": {
                          "Entity": "Order_details"
                        }
                      },
                      "Property": "Order Value"
                    }
                  },
                  "Function": 1
                }
              },
              "queryRef": "Sum(Order_details.Order Value)",
              "nativeQueryRef": "Average of Order Value"
            },
            {
              "field": {
                "Aggregation": {
                  "Expression": {
                    "Column": {
                      "Expression": {
                        "SourceRef": {
                          "Entity": "Order_details"
                        }
                      },
                      "Property": "Order Id"
                    }
                  },
                  "Function": 5
                }
              },
              "queryRef": "Min(Order_details.Order Id)",
              "nativeQueryRef": "Count of Order Id"
            },
            {
              "field": {
                "Measure": {
                  "Expression": {
                    "SourceRef": {
                      "Entity": "Order_details"
                    }
                  },
                  "Property": "Total Sales"
                }
              },
              "queryRef": "Order_details.Total Sales",
              "nativeQueryRef": "Total Sales"
            }
          ]
        }
      }
    },
    "drillFilterOtherVisuals": true
  }
}