{
  "$schema": "https://developer.microsoft.com/json-schemas/fabric/item/report/definition/visualContainer/2.0.0/schema.json",
  "name": "4b8255d2300d5857c740",
  "position": {
    "x": 756.18461538461543,
    "y": 171.97948717948717,
    "z": 4000,
    "height": 270.44102564102565,
    "width": 504.12307692307695,
    "tabOrder": 4000
  },
  "visual": {
    "visualType": "clusteredBarChart",
    "query": {
      "queryState": {
        "Category": {
          "projections": [
            {
              "field": {
                "Column": {
                  "Expression": {
                    "SourceRef": {
                      "Entity": "User_details"
                    }
                  },
                  "Property": "Age group"
                }
              },
              "queryRef": "User_details.Age group",
              "nativeQueryRef": "Age group",
              "active": true
            }
          ]
        },
        "Series": {
          "projections": [
            {
              "field": {
                "Column": {
                  "Expression": {
                    "SourceRef": {
                      "Entity": "User_details"
                    }
                  },
                  "Property": "Gender"
                }
              },
              "queryRef": "User_details.Gender",
              "nativeQueryRef": "Gender"
            }
          ]
        },
        "Tooltips": {
          "projections": [
            {
              "field": {
                "Measure": {
                  "Expression": {
                    "SourceRef": {
                      "Entity": "Order_details"
                    }
                  },
                  "Property": "Total Sales"
                }
              },
              "queryRef": "Order_details.Total Sales",
              "nativeQueryRef": "Total Sales"
            }
          ]
        },
        "Y": {
          "projections": [
            {
              "field": {
                "Aggregation": {
                  "Expression": {
                    "Column": {
                      "Expression": {
                        "SourceRef": {
                          "Entity": "Order_details"
                        }
                      },
                      "Property": "Customer ID"
                    }
                  },
                  "Function": 5
                }
              },
              "queryRef": "CountNonNull(Order_details.Customer ID)",
              "nativeQueryRef": "Count of Customer ID"
            }
          ]
        }
      },
      "sortDefinition": {
        "sort": [
          {
            "field": {
              "Aggregation": {
                "Expression": {
                  "Column": {
                    "Expression": {
                      "SourceRef": {
                        "Entity": "Order_details"
                      }
                    },
                    "Property": "Customer ID"
                  }
                },
                "Function": 5
              }
            },
            "direction": "Descending"
          }
        ],
        "isDefaultSort": true
      }
    },
    "visualContainerObjects": {
      "title": [
        {
          "properties": {
            "text": {
              "expr": {
                "Literal": {
                  "Value": "'Customer Demographics'"
                }
              }
            }
          }
        }
      ]
    },
    "drillFilterOtherVisuals": true
  }
}