{
  "$schema": "https://developer.microsoft.com/json-schemas/fabric/item/report/definition/visualContainer/2.0.0/schema.json",
  "name": "44e4867bad67ffb88614",
  "position": {
    "x": 10.502564102564103,
    "y": 282.25641025641028,
    "z": 1000,
    "height": 97.148717948717945,
    "width": 241.55897435897435,
    "tabOrder": 1000
  },
  "visual": {
    "visualType": "slicer",
    "query": {
      "queryState": {
        "Values": {
          "projections": [
            {
              "field": {
                "Column": {
                  "Expression": {
                    "SourceRef": {
                      "Entity": "Restaurant_details"
                    }
                  },
                  "Property": "Food Category"
                }
              },
              "queryRef": "Restaurant_details.Food Category",
              "nativeQueryRef": "Food Category",
              "active": true
            }
          ]
        }
      }
    },
    "objects": {
      "data": [
        {
          "properties": {
            "mode": {
              "expr": {
                "Literal": {
                  "Value": "'Dropdown'"
                }
              }
            }
          }
        }
      ]
    },
    "drillFilterOtherVisuals": true
  }
}