{
  "$schema": "https://developer.microsoft.com/json-schemas/fabric/item/report/definition/visualContainer/2.0.0/schema.json",
  "name": "d5aeb1cf5d9aba5ae210",
  "position": {
    "x": 60.389743589743588,
    "y": 36.758974358974356,
    "z": 13000,
    "height": 149.66153846153847,
    "width": 859.89743589743591,
    "tabOrder": 13000
  },
  "visual": {
    "visualType": "textbox",
    "objects": {
      "general": [
        {
          "properties": {
            "paragraphs": [
              {
                "textRuns": [
                  {
                    "value": ""
                  }
                ]
              },
              {
                "textRuns": [
                  {
                    "value": ""
                  }
                ]
              },
              {
                "textRuns": [
                  {
                    "value": "\t\t\t\t"
                  },
                  {
                    "value": "Zest",
                    "textStyle": {
                      "fontSize": "24pt",
                      "color": "#118dff"
                    }
                  },
                  {
                    "value": "yEats",
                    "textStyle": {
                      "fontSize": "24pt",
                      "color": "#12239e"
                    }
                  },
                  {
                    "value": " Performance View",
                    "textStyle": {
                      "fontSize": "24pt",
                      "color": "#3c3c3c"
                    }
                  }
                ]
              }
            ]
          }
        }
      ]
    },
    "drillFilterOtherVisuals": true
  }
}