{
  "$schema": "https://developer.microsoft.com/json-schemas/fabric/item/report/definition/visualContainer/2.0.0/schema.json",
  "name": "f29d03cdafe9e620140b",
  "position": {
    "x": 1018.748717948718,
    "y": 186.42051282051281,
    "z": 3000,
    "height": 119.46666666666667,
    "width": 181.16923076923078,
    "tabOrder": 3000
  },
  "visual": {
    "visualType": "card",
    "query": {
      "queryState": {
        "Values": {
          "projections": [
            {
              "field": {
                "Measure": {
                  "Expression": {
                    "SourceRef": {
                      "Entity": "Order_details"
                    }
                  },
                  "Property": "Average Order Value All"
                }
              },
              "queryRef": "Order_details.Average Order Value All",
              "nativeQueryRef": "Average Order Value All"
            }
          ]
        }
      },
      "sortDefinition": {
        "sort": [
          {
            "field": {
              "Measure": {
                "Expression": {
                  "SourceRef": {
                    "Entity": "Order_details"
                  }
                },
                "Property": "Average Order Value All"
              }
            },
            "direction": "Descending"
          }
        ],
        "isDefaultSort": true
      }
    },
    "drillFilterOtherVisuals": true
  }
}