{
  "$schema": "https://developer.microsoft.com/json-schemas/fabric/item/report/definition/visualContainer/2.0.0/schema.json",
  "name": "dc22121edbd08bc79c0f",
  "position": {
    "x": 10.502564102564103,
    "y": 0,
    "z": 0,
    "height": 119.46666666666667,
    "width": 745.68205128205125,
    "tabOrder": 0
  },
  "visual": {
    "visualType": "textbox",
    "objects": {
      "general": [
        {
          "properties": {
            "paragraphs": [
              {
                "textRuns": [
                  {
                    "value": ""
                  }
                ]
              },
              {
                "textRuns": [
                  {
                    "value": ""
                  }
                ]
              },
              {
                "textRuns": [
                  {
                    "value": ""
                  }
                ]
              },
              {
                "textRuns": [
                  {
                    "value": "Zesty",
                    "textStyle": {
                      "fontSize": "24pt",
                      "color": "#118dff"
                    }
                  },
                  {
                    "value": "Eats Performance View",
                    "textStyle": {
                      "fontSize": "24pt",
                      "color": "#3c3c3c"
                    }
                  }
                ]
              },
              {
                "textRuns": [
                  {
                    "value": ""
                  }
                ]
              }
            ]
          }
        }
      ]
    },
    "drillFilterOtherVisuals": true
  }
}