{
  "$schema": "https://developer.microsoft.com/json-schemas/fabric/item/report/definition/visualContainer/2.0.0/schema.json",
  "name": "703659c2247bfd2ff5f6",
  "position": {
    "x": 806.58227848101262,
    "y": 420.37974683544303,
    "z": 9000,
    "height": 101.39240506329114,
    "width": 145.82278481012659,
    "tabOrder": 9000
  },
  "visual": {
    "visualType": "card",
    "query": {
      "queryState": {
        "Values": {
          "projections": [
            {
              "field": {
                "Measure": {
                  "Expression": {
                    "SourceRef": {
                      "Entity": "Order_details"
                    }
                  },
                  "Property": "Average Order Value"
                }
              },
              "queryRef": "Order_details.Average Order Value",
              "nativeQueryRef": "Average Order Value"
            }
          ]
        }
      },
      "sortDefinition": {
        "sort": [
          {
            "field": {
              "Measure": {
                "Expression": {
                  "SourceRef": {
                    "Entity": "Order_details"
                  }
                },
                "Property": "Average Order Value"
              }
            },
            "direction": "Descending"
          }
        ],
        "isDefaultSort": true
      }
    },
    "drillFilterOtherVisuals": true
  }
}