{
  "$schema": "https://developer.microsoft.com/json-schemas/fabric/item/report/definition/visualContainer/2.0.0/schema.json",
  "name": "37a6ca4c287bf2db38a7",
  "position": {
    "x": 10.502564102564103,
    "y": 132.59487179487181,
    "z": 1000,
    "height": 326.89230769230767,
    "width": 630.15384615384619,
    "tabOrder": 1000
  },
  "visual": {
    "visualType": "lineClusteredColumnComboChart",
    "query": {
      "queryState": {
        "Category": {
          "projections": [
            {
              "field": {
                "Column": {
                  "Expression": {
                    "SourceRef": {
                      "Entity": "Delivery_details"
                    }
                  },
                  "Property": "Road Traffic Density"
                }
              },
              "queryRef": "Delivery_details.Road Traffic Density",
              "nativeQueryRef": "Road Traffic Density",
              "active": true
            }
          ]
        },
        "Y": {
          "projections": [
            {
              "field": {
                "Aggregation": {
                  "Expression": {
                    "Column": {
                      "Expression": {
                        "SourceRef": {
                          "Entity": "Delivery_details"
                        }
                      },
                      "Property": "Road Traffic Density"
                    }
                  },
                  "Function": 5
                }
              },
              "queryRef": "CountNonNull(Delivery_details.Road Traffic Density)",
              "nativeQueryRef": "Count of Road Traffic Density"
            }
          ]
        },
        "Y2": {
          "projections": [
            {
              "field": {
                "Aggregation": {
                  "Expression": {
                    "Column": {
                      "Expression": {
                        "SourceRef": {
                          "Entity": "Delivery_details"
                        }
                      },
                      "Property": "Delivery Person Ratings"
                    }
                  },
                  "Function": 1
                }
              },
              "queryRef": "Sum(Delivery_details.Delivery Person Ratings)",
              "nativeQueryRef": "Average of Delivery Person Ratings"
            }
          ]
        }
      },
      "sortDefinition": {
        "sort": [
          {
            "field": {
              "Aggregation": {
                "Expression": {
                  "Column": {
                    "Expression": {
                      "SourceRef": {
                        "Entity": "Delivery_details"
                      }
                    },
                    "Property": "Road Traffic Density"
                  }
                },
                "Function": 5
              }
            },
            "direction": "Descending"
          }
        ],
        "isDefaultSort": true
      }
    },
    "visualContainerObjects": {
      "title": [
        {
          "properties": {
            "text": {
              "expr": {
                "Literal": {
                  "Value": "'Delivery performance'"
                }
              }
            }
          }
        }
      ]
    },
    "drillFilterOtherVisuals": true
  }
}